Type,Indicator,Description
IPv4,161.117.62.127,C2
SHA256,C1fe3d54dbb3d5bea5ee38282c28a913210964cdac03b2c6ad0f5f432077c38b,Playful Game Station
SHA256,B2e7c5f369f7dd86f4f8df3eeebcf19dd5358fb131e0cf2ba83dc2b83a095339,Watch SMS
SHA256,Cf522862b07a06a75e4d76044132fd7a64561657c7fe434a6734e6f18d27aa37,HS Photo Collage
SHA256,25993bc8a9d54bde576da7c23cef6521d78ff7f9b77b6e289b294c3bd948a918,FmWhats latest version
SHA256,8DFB28FB8C838000DB34B3CBAB63A818AA14F720F89A1CAC84FB90157E354932,
SHA256,E0B917358435F419E59CC788D4329524C737383BF54AEF6548FAEDE734829C4D,
SHA256,29fc40af3827a09a57aeff52b60263e05a20ee4bd3f28a003c155d8c036f5a23,
SHA256,Bb662b29d7cbbf295ecf6467343b4daac58f1a4adf863197553be2c7bc2f442a,
